{"JiZ6bPwYRaq0utadDZnZ5A==":"logo-design.jpg","A8DYst0ujjij5UrfNI0EKA==":"i-card.jpg","7JaraR2DTZj5H/XwlpqSng==":"letterhead.png","vrSXyToW6W3gZtErSSpv6Q==":"visiting-card.jpg","6TjXKTgnshitn3YumNq1gQ==":"envelope-design.jpg","pVwJ1UhR6bWEr4+zo40yBg==":"brochure.jpg","drL9Dm/gPpDwDYa9axEVeQ==":"iso-certificate.jpg","zsA8TAXI8j6WvFai2belUw==":"google-my-business.jpg","6qVfhtDXzujNbK7B5YcK4A==":"social-media.jpg","VF42CQC95CL3OfCEr/50ww==":"domain-registration.jpg","cxiI65A3yDOwcA3gAUXu5A==":"web-hosting.jpg","SS49OkW24hvcUzZl3NeCcA==":"email-accounts.png","S8+l7CK8gmRp47J4VISk+Q==":"website-design.png","VNGBvyOw11aEwfGKf+flzg==":"social-media-2.jpg","BZs/OPS47zw5re6CS5DocQ==":"letterhead-1.png","oyXnne5VDDlsmaCy39P9uA==":"letterhead-2.png","c2H5lKIaNtOTxvLzV0LDmQ==":"letterhead-3.png","gG5WnAZexY6LgenbmINdDw==":"digital-signature.jpg","JbemsCgk8tqx5KH2UQSV7Q==":"demo-letterhead.png","WiLJsMUvdMsKM8Rh9BhDAg==":"web-banner-1-1600x900.jpg","no5zE2mBPSlPXUa4lTVwYQ==":"web-banner-2-338x190.jpg","llvgx0W+8BGF2rgBO/OtAw==":"web-banner-3-1414x795.jpg","7p9HHjTzzBs6ViT4OmtTvA==":"web-banner-4-1600x900.jpg","DjrpHaezPWNmeoVT1yN0Vw==":"web-banner-5-626x352.jpg","DHZYBoPyx/iHZ/k6r2KJ4g==":"web-banner-6-1600x900.jpg","PJbe2WV+GfLjU63ua/5/mg==":"web-banner-7-1600x900.jpg","jAeH3y+pJfxzNGZARha/3g==":"sagartech-logo-3-96x38.png","H2LSKq+x8uUXnE/UT5/1fw==":"sagartech-logo-4-242x182.png","2JQyYkM8QeP98vSmuVCd3g==":"sagartech-logo-3-127x50.png","sxi/ISAWBqX2nCTULQG1BA==":"st%20banner-1280x720.jpg","vrVt8mY68KKgrkrbbU7K0w==":"st%20banner-1280x720.jpg","5tFltrmzfj1kHqDZm0EH1w==":"whatsapp%20image%202022-02-23%20at%202.41.33%20pm-980x653.jpg"}